-- MySQL dump 10.13  Distrib 5.7.32, for Linux (x86_64)
--
-- Host: 127.0.0.1    Database: palm_insurance
-- ------------------------------------------------------
-- Server version	5.7.32-0ubuntu0.18.04.1

/*!40101 SET @OLD_CHARACTER_SET_CLIENT=@@CHARACTER_SET_CLIENT */;
/*!40101 SET @OLD_CHARACTER_SET_RESULTS=@@CHARACTER_SET_RESULTS */;
/*!40101 SET @OLD_COLLATION_CONNECTION=@@COLLATION_CONNECTION */;
/*!40101 SET NAMES utf8 */;
/*!40103 SET @OLD_TIME_ZONE=@@TIME_ZONE */;
/*!40103 SET TIME_ZONE='+00:00' */;
/*!40014 SET @OLD_UNIQUE_CHECKS=@@UNIQUE_CHECKS, UNIQUE_CHECKS=0 */;
/*!40014 SET @OLD_FOREIGN_KEY_CHECKS=@@FOREIGN_KEY_CHECKS, FOREIGN_KEY_CHECKS=0 */;
/*!40101 SET @OLD_SQL_MODE=@@SQL_MODE, SQL_MODE='NO_AUTO_VALUE_ON_ZERO' */;
/*!40111 SET @OLD_SQL_NOTES=@@SQL_NOTES, SQL_NOTES=0 */;

--
-- Table structure for table `category`
--
create database palm_insurance;
use palm_insurance;
DROP TABLE IF EXISTS `category`;
/*!40101 SET @saved_cs_client     = @@character_set_client */;
/*!40101 SET character_set_client = utf8 */;
CREATE TABLE `category` (
  `id` bigint(20) NOT NULL AUTO_INCREMENT,
  `category_name` varchar(255) DEFAULT NULL,
  `created_by` varchar(255) DEFAULT NULL,
  `created_at` datetime DEFAULT CURRENT_TIMESTAMP,
  `updated_by` varchar(255) DEFAULT NULL,
  `updated_at` datetime DEFAULT CURRENT_TIMESTAMP ON UPDATE CURRENT_TIMESTAMP,
  PRIMARY KEY (`id`)
) ENGINE=InnoDB AUTO_INCREMENT=3 DEFAULT CHARSET=latin1;
/*!40101 SET character_set_client = @saved_cs_client */;

--
-- Dumping data for table `category`
--

LOCK TABLES `category` WRITE;
/*!40000 ALTER TABLE `category` DISABLE KEYS */;
INSERT INTO `category` VALUES (1,'Insurance',NULL,'2021-03-05 11:29:36',NULL,'2021-03-05 11:29:36'),(2,'Declaration',NULL,'2021-03-05 11:29:50',NULL,'2021-03-05 11:29:50');
/*!40000 ALTER TABLE `category` ENABLE KEYS */;
UNLOCK TABLES;

--
-- Table structure for table `fields`
--

DROP TABLE IF EXISTS `fields`;
/*!40101 SET @saved_cs_client     = @@character_set_client */;
/*!40101 SET character_set_client = utf8 */;
CREATE TABLE `fields` (
  `id` bigint(20) NOT NULL AUTO_INCREMENT,
  `field_name` varchar(255) DEFAULT NULL,
  `field_label` varchar(255) DEFAULT NULL,
  `type` varchar(255) DEFAULT NULL,
  `created_at` datetime DEFAULT CURRENT_TIMESTAMP,
  `created_by` varchar(255) DEFAULT NULL,
  `updated_at` datetime DEFAULT CURRENT_TIMESTAMP ON UPDATE CURRENT_TIMESTAMP,
  `updated_by` varchar(255) DEFAULT NULL,
  `parent_field_id` bigint(20) DEFAULT NULL,
  PRIMARY KEY (`id`),
  KEY `fk_fields_1_idx` (`parent_field_id`),
  CONSTRAINT `fk_fields_1` FOREIGN KEY (`parent_field_id`) REFERENCES `fields` (`id`) ON DELETE NO ACTION ON UPDATE NO ACTION
) ENGINE=InnoDB AUTO_INCREMENT=32 DEFAULT CHARSET=latin1;
/*!40101 SET character_set_client = @saved_cs_client */;

--
-- Dumping data for table `fields`
--

LOCK TABLES `fields` WRITE;
/*!40000 ALTER TABLE `fields` DISABLE KEYS */;
INSERT INTO `fields` VALUES (1,'CONAME','Company Name','text','2021-03-16 12:10:37',NULL,'2021-03-16 12:10:37',NULL,NULL),(2,'COSTREET','Company Street','text','2021-03-16 12:10:37',NULL,'2021-03-16 12:10:43',NULL,NULL),(3,'COCITY','Company city ','text','2021-03-16 12:10:37',NULL,'2021-03-16 12:10:43',NULL,NULL),(4,'COST','Company state','text','2021-03-16 12:10:37',NULL,'2021-03-16 12:10:43',NULL,NULL),(5,'COZIP','Company zip','number','2021-03-16 12:10:37',NULL,'2021-03-16 12:36:19',NULL,NULL),(6,'POLICYNO','Policy Number','text','2021-03-16 12:10:37',NULL,'2021-03-16 12:10:43',NULL,NULL),(7,'POLEFTDATE','Policy effective date','date','2021-03-16 12:10:37',NULL,'2021-03-16 12:36:19',NULL,NULL),(8,'POLEXPDATE','Policy expiry date','date','2021-03-16 12:10:37',NULL,'2021-03-16 12:36:19',NULL,NULL),(9,'INSUREDNAME','Insured Name','text','2021-03-16 12:10:37',NULL,'2021-03-16 12:10:43',NULL,NULL),(10,'INSUREDSTREET','Insured street','text','2021-03-16 12:10:37',NULL,'2021-03-16 12:10:43',NULL,NULL),(11,'INSCITY','Insured city','text','2021-03-16 12:10:37',NULL,'2021-03-16 12:10:43',NULL,NULL),(12,'INSST','Insured state','text','2021-03-16 12:10:37',NULL,'2021-03-16 12:10:43',NULL,NULL),(13,'INSZIP','Insured zip','number','2021-03-16 12:10:37',NULL,'2021-03-16 12:36:19',NULL,NULL),(14,'AGENTNAME','Agent name','text','2021-03-16 12:10:37',NULL,'2021-03-16 12:10:43',NULL,NULL),(15,'AGENTCITY','Agent city','text','2021-03-16 12:10:37',NULL,'2021-03-16 12:10:43',NULL,NULL),(16,'AGENTSTREET','Agent street','text','2021-03-16 12:10:37',NULL,'2021-03-16 12:10:43',NULL,NULL),(17,'AGENTST','Agent state','text','2021-03-16 12:10:37',NULL,'2021-03-16 12:10:43',NULL,NULL),(18,'AGENTCODE','Agent code','text','2021-03-16 12:10:37',NULL,'2021-03-16 12:10:43',NULL,NULL),(19,'AGENTZIP','Agent zip','number','2021-03-16 12:10:37',NULL,'2021-03-16 12:36:19',NULL,NULL),(20,'DOCUMENTNAME','Document name','text','2021-03-16 12:10:37',NULL,'2021-03-16 12:10:43',NULL,NULL),(21,'SUSPENSEITEMS','Suspense items','text','2021-03-16 12:10:37',NULL,'2021-03-16 12:10:43',NULL,NULL),(22,'UWEMAIL','Underwriting email','text','2021-03-16 12:10:37',NULL,'2021-03-16 12:10:43',NULL,NULL),(23,'COPHONE','Company phone','number','2021-03-16 12:10:37',NULL,'2021-03-16 12:36:19',NULL,NULL),(24,'COCODE','Company code','text','2021-03-16 12:10:37',NULL,'2021-03-16 12:10:43',NULL,NULL),(25,'COCODEVAL','Company code value','number','2021-03-16 12:10:37',NULL,'2021-03-16 12:36:19',NULL,NULL),(26,'AGENTEMAIL','Agent email','text','2021-03-16 12:10:37',NULL,'2021-03-16 12:10:43',NULL,NULL),(27,'PRINTDATETIME','Print date and time','datetime','2021-03-16 12:10:37',NULL,'2021-03-16 12:36:19',NULL,NULL),(28,'NOTICEDURATION','Notice Duration','text','2021-03-16 12:10:37',NULL,'2021-03-16 12:10:43',NULL,NULL),(29,'MAILINGDATE','Mailing Date','datetime','2021-03-18 21:12:26',NULL,'2021-03-18 21:12:26',NULL,NULL),(30,'POLCANDATE','Policy Cancellation Date','datetime','2021-03-22 16:36:45',NULL,'2021-03-22 16:36:45',NULL,NULL),(31,'POLMALDATE','POLMALDATE','datetime','2021-03-25 13:39:14',NULL,'2021-03-25 13:39:14',NULL,NULL);
/*!40000 ALTER TABLE `fields` ENABLE KEYS */;
UNLOCK TABLES;

--
-- Table structure for table `form`
--

DROP TABLE IF EXISTS `form`;
/*!40101 SET @saved_cs_client     = @@character_set_client */;
/*!40101 SET character_set_client = utf8 */;
CREATE TABLE `form` (
  `id` bigint(20) NOT NULL AUTO_INCREMENT,
  `label` varchar(255) DEFAULT NULL,
  `name` varchar(255) DEFAULT NULL,
  `version` double DEFAULT NULL,
  `category_id` bigint(20) DEFAULT NULL,
  `created_at` datetime DEFAULT CURRENT_TIMESTAMP,
  `created_by` varchar(255) DEFAULT NULL,
  `updated_at` datetime DEFAULT CURRENT_TIMESTAMP ON UPDATE CURRENT_TIMESTAMP,
  `updated_by` varchar(255) DEFAULT NULL,
  PRIMARY KEY (`id`),
  KEY `FKte03dysun5abfkd49b4kigijj` (`category_id`),
  CONSTRAINT `FKte03dysun5abfkd49b4kigijj` FOREIGN KEY (`category_id`) REFERENCES `category` (`id`)
) ENGINE=InnoDB AUTO_INCREMENT=4 DEFAULT CHARSET=latin1;
/*!40101 SET character_set_client = @saved_cs_client */;

--
-- Dumping data for table `form`
--

LOCK TABLES `form` WRITE;
/*!40000 ALTER TABLE `form` DISABLE KEYS */;
INSERT INTO `form` VALUES (1,'Suspense letter','Suspense letter',1,2,'2021-03-16 12:37:51',NULL,'2021-03-16 12:37:51',NULL),(2,'Dishonoured Deposit','Dishonoured Deposit Insured',1,1,'2021-03-17 17:12:04',NULL,'2021-03-18 12:34:43',NULL),(3,'Dishonoured Deposit Agent','Dishonoured Deposit Agent',1,1,'2021-03-18 12:34:43',NULL,'2021-03-18 12:34:43',NULL);
/*!40000 ALTER TABLE `form` ENABLE KEYS */;
UNLOCK TABLES;

--
-- Table structure for table `form_field`
--

DROP TABLE IF EXISTS `form_field`;
/*!40101 SET @saved_cs_client     = @@character_set_client */;
/*!40101 SET character_set_client = utf8 */;
CREATE TABLE `form_field` (
  `id` bigint(20) NOT NULL AUTO_INCREMENT,
  `required` bit(1) DEFAULT NULL,
  `field_id` bigint(20) DEFAULT NULL,
  `form_id` bigint(20) DEFAULT NULL,
  `created_at` datetime DEFAULT CURRENT_TIMESTAMP,
  `created_by` varchar(255) DEFAULT NULL,
  `updated_at` datetime DEFAULT CURRENT_TIMESTAMP ON UPDATE CURRENT_TIMESTAMP,
  `updated_by` varchar(255) DEFAULT NULL,
  PRIMARY KEY (`id`),
  KEY `FKkxe3yc411wp0gkan5cuc29elg` (`field_id`),
  KEY `FKbgdx9knhcvbjyxlq9iv0x04es` (`form_id`),
  CONSTRAINT `FKbgdx9knhcvbjyxlq9iv0x04es` FOREIGN KEY (`form_id`) REFERENCES `form` (`id`),
  CONSTRAINT `FKkxe3yc411wp0gkan5cuc29elg` FOREIGN KEY (`field_id`) REFERENCES `fields` (`id`)
) ENGINE=InnoDB AUTO_INCREMENT=101 DEFAULT CHARSET=latin1;
/*!40101 SET character_set_client = @saved_cs_client */;

--
-- Dumping data for table `form_field`
--

LOCK TABLES `form_field` WRITE;
/*!40000 ALTER TABLE `form_field` DISABLE KEYS */;
INSERT INTO `form_field` VALUES (7,NULL,1,1,'2021-03-16 12:52:42',NULL,'2021-03-16 12:52:42',NULL),(8,NULL,2,1,'2021-03-16 12:52:42',NULL,'2021-03-16 12:52:42',NULL),(9,NULL,3,1,'2021-03-16 12:52:42',NULL,'2021-03-16 12:55:25',NULL),(10,NULL,4,1,'2021-03-16 12:52:42',NULL,'2021-03-16 12:55:25',NULL),(11,NULL,5,1,'2021-03-16 12:52:42',NULL,'2021-03-16 12:52:42',NULL),(12,NULL,6,1,'2021-03-16 12:52:42',NULL,'2021-03-16 12:52:42',NULL),(13,NULL,7,1,'2021-03-16 12:52:42',NULL,'2021-03-16 12:55:25',NULL),(14,NULL,8,1,'2021-03-16 12:52:42',NULL,'2021-03-16 12:55:25',NULL),(15,NULL,9,1,'2021-03-16 12:52:42',NULL,'2021-03-16 12:55:25',NULL),(16,NULL,10,1,'2021-03-16 12:55:01',NULL,'2021-03-16 12:55:25',NULL),(17,NULL,11,1,'2021-03-16 12:55:01',NULL,'2021-03-16 12:55:25',NULL),(18,NULL,12,1,'2021-03-16 12:55:01',NULL,'2021-03-16 12:55:25',NULL),(19,NULL,13,1,'2021-03-16 12:55:01',NULL,'2021-03-16 12:55:01',NULL),(20,NULL,14,1,'2021-03-16 12:55:01',NULL,'2021-03-16 12:55:25',NULL),(21,NULL,15,1,'2021-03-16 12:55:01',NULL,'2021-03-16 12:55:25',NULL),(22,NULL,16,1,'2021-03-16 12:55:01',NULL,'2021-03-16 12:55:25',NULL),(23,NULL,17,1,'2021-03-16 12:55:01',NULL,'2021-03-16 12:55:25',NULL),(24,NULL,18,1,'2021-03-16 12:55:01',NULL,'2021-03-16 12:55:25',NULL),(25,NULL,19,1,'2021-03-16 12:55:01',NULL,'2021-03-16 12:55:25',NULL),(26,NULL,20,1,'2021-03-16 12:55:01',NULL,'2021-03-16 12:55:25',NULL),(27,NULL,21,1,'2021-03-16 12:55:01',NULL,'2021-03-16 12:55:25',NULL),(28,NULL,22,1,'2021-03-16 12:55:01',NULL,'2021-03-16 12:55:25',NULL),(29,NULL,23,1,'2021-03-16 12:55:01',NULL,'2021-03-16 12:55:25',NULL),(30,NULL,24,1,'2021-03-16 12:55:01',NULL,'2021-03-16 12:55:25',NULL),(31,NULL,25,1,'2021-03-16 12:55:01',NULL,'2021-03-16 12:55:25',NULL),(32,NULL,26,1,'2021-03-16 12:55:01',NULL,'2021-03-16 12:55:25',NULL),(33,NULL,27,1,'2021-03-16 12:55:01',NULL,'2021-03-16 12:55:25',NULL),(34,NULL,28,1,'2021-03-16 12:55:01',NULL,'2021-03-16 12:55:25',NULL),(35,NULL,1,2,'2021-03-17 18:22:33',NULL,'2021-03-17 18:22:33',NULL),(36,NULL,2,2,'2021-03-17 18:22:33',NULL,'2021-03-17 18:22:33',NULL),(37,NULL,3,2,'2021-03-17 18:22:33',NULL,'2021-03-17 18:22:33',NULL),(38,NULL,4,2,'2021-03-17 18:22:33',NULL,'2021-03-17 18:22:33',NULL),(39,NULL,5,2,'2021-03-17 18:22:33',NULL,'2021-03-17 18:22:33',NULL),(40,NULL,6,2,'2021-03-17 18:22:33',NULL,'2021-03-17 18:22:33',NULL),(41,NULL,7,2,'2021-03-17 18:22:33',NULL,'2021-03-17 18:22:33',NULL),(42,NULL,8,2,'2021-03-17 18:22:33',NULL,'2021-03-17 18:22:33',NULL),(43,NULL,9,2,'2021-03-17 18:22:33',NULL,'2021-03-17 18:22:33',NULL),(44,NULL,10,2,'2021-03-17 18:22:33',NULL,'2021-03-17 18:22:33',NULL),(45,NULL,11,2,'2021-03-17 18:22:33',NULL,'2021-03-17 18:22:33',NULL),(46,NULL,12,2,'2021-03-17 18:22:33',NULL,'2021-03-17 18:22:33',NULL),(47,NULL,13,2,'2021-03-17 18:22:33',NULL,'2021-03-17 18:22:33',NULL),(48,NULL,14,2,'2021-03-17 18:22:33',NULL,'2021-03-17 18:22:33',NULL),(49,NULL,15,2,'2021-03-17 18:22:33',NULL,'2021-03-17 18:22:33',NULL),(50,NULL,16,2,'2021-03-17 18:22:33',NULL,'2021-03-17 18:22:33',NULL),(51,NULL,17,2,'2021-03-17 18:22:33',NULL,'2021-03-17 18:22:33',NULL),(52,NULL,18,2,'2021-03-17 18:22:33',NULL,'2021-03-17 18:22:33',NULL),(53,NULL,19,2,'2021-03-17 18:22:33',NULL,'2021-03-17 18:22:33',NULL),(54,NULL,20,2,'2021-03-17 18:22:34',NULL,'2021-03-17 18:22:34',NULL),(55,NULL,21,2,'2021-03-17 18:22:34',NULL,'2021-03-17 18:22:34',NULL),(56,NULL,22,2,'2021-03-17 18:22:34',NULL,'2021-03-17 18:22:34',NULL),(57,NULL,23,2,'2021-03-17 18:22:34',NULL,'2021-03-17 18:22:34',NULL),(58,NULL,24,2,'2021-03-17 18:22:34',NULL,'2021-03-17 18:22:34',NULL),(59,NULL,25,2,'2021-03-17 18:22:34',NULL,'2021-03-17 18:22:34',NULL),(60,NULL,26,2,'2021-03-17 18:23:39',NULL,'2021-03-17 18:23:39',NULL),(61,NULL,27,2,'2021-03-17 18:23:39',NULL,'2021-03-17 18:23:39',NULL),(62,NULL,28,2,'2021-03-17 18:23:39',NULL,'2021-03-17 18:23:39',NULL),(63,NULL,1,3,'2021-03-18 12:36:18',NULL,'2021-03-18 12:36:18',NULL),(64,NULL,2,3,'2021-03-18 12:36:19',NULL,'2021-03-18 12:36:19',NULL),(65,NULL,3,3,'2021-03-18 12:36:19',NULL,'2021-03-18 12:36:19',NULL),(66,NULL,4,3,'2021-03-18 12:36:19',NULL,'2021-03-18 12:36:19',NULL),(67,NULL,5,3,'2021-03-18 12:36:19',NULL,'2021-03-18 12:36:19',NULL),(68,NULL,6,3,'2021-03-18 12:36:19',NULL,'2021-03-18 12:36:19',NULL),(69,NULL,7,3,'2021-03-18 12:36:19',NULL,'2021-03-18 12:36:19',NULL),(70,NULL,8,3,'2021-03-18 12:36:19',NULL,'2021-03-18 12:36:19',NULL),(71,NULL,9,3,'2021-03-18 12:36:19',NULL,'2021-03-18 12:36:19',NULL),(72,NULL,10,3,'2021-03-18 12:36:19',NULL,'2021-03-18 12:36:19',NULL),(73,NULL,11,3,'2021-03-18 12:36:19',NULL,'2021-03-18 12:36:19',NULL),(74,NULL,12,3,'2021-03-18 12:36:19',NULL,'2021-03-18 12:36:19',NULL),(75,NULL,13,3,'2021-03-18 12:36:19',NULL,'2021-03-18 12:36:19',NULL),(76,NULL,14,3,'2021-03-18 12:36:19',NULL,'2021-03-18 12:36:19',NULL),(77,NULL,15,3,'2021-03-18 12:36:19',NULL,'2021-03-18 12:36:19',NULL),(78,NULL,16,3,'2021-03-18 12:36:19',NULL,'2021-03-18 12:36:19',NULL),(79,NULL,17,3,'2021-03-18 12:36:19',NULL,'2021-03-18 12:36:19',NULL),(80,NULL,18,3,'2021-03-18 12:36:19',NULL,'2021-03-18 12:36:19',NULL),(81,NULL,19,3,'2021-03-18 12:36:19',NULL,'2021-03-18 12:36:19',NULL),(82,NULL,20,3,'2021-03-18 12:36:19',NULL,'2021-03-18 12:36:19',NULL),(83,NULL,21,3,'2021-03-18 12:36:19',NULL,'2021-03-18 12:36:19',NULL),(84,NULL,22,3,'2021-03-18 12:36:19',NULL,'2021-03-18 12:36:19',NULL),(85,NULL,23,3,'2021-03-18 12:36:20',NULL,'2021-03-18 12:36:20',NULL),(86,NULL,24,3,'2021-03-18 12:36:20',NULL,'2021-03-18 12:36:20',NULL),(87,NULL,25,3,'2021-03-18 12:36:20',NULL,'2021-03-18 12:36:20',NULL),(88,NULL,26,3,'2021-03-18 12:36:20',NULL,'2021-03-18 12:36:20',NULL),(89,NULL,27,3,'2021-03-18 12:36:20',NULL,'2021-03-18 12:36:20',NULL),(90,NULL,28,3,'2021-03-18 12:36:20',NULL,'2021-03-18 12:36:20',NULL),(91,NULL,29,3,'2021-03-18 21:13:24',NULL,'2021-03-18 21:13:24',NULL),(92,NULL,29,2,'2021-03-18 21:13:24',NULL,'2021-03-18 21:13:24',NULL),(93,NULL,30,3,'2021-03-22 16:38:20',NULL,'2021-03-22 16:38:20',NULL),(95,NULL,31,1,'2021-03-25 13:40:20',NULL,'2021-03-25 13:40:20',NULL),(96,NULL,31,2,'2021-03-25 13:40:20',NULL,'2021-03-25 13:40:20',NULL),(97,NULL,31,3,'2021-03-25 13:40:20',NULL,'2021-03-25 13:40:20',NULL),(98,NULL,30,1,'2021-03-25 13:40:20',NULL,'2021-03-26 13:10:35',NULL),(99,NULL,30,2,'2021-03-26 13:10:35',NULL,'2021-03-26 13:10:35',NULL),(100,NULL,30,3,'2021-03-26 13:14:37',NULL,'2021-03-26 13:14:37',NULL);
/*!40000 ALTER TABLE `form_field` ENABLE KEYS */;
UNLOCK TABLES;

--
-- Table structure for table `form_page`
--

DROP TABLE IF EXISTS `form_page`;
/*!40101 SET @saved_cs_client     = @@character_set_client */;
/*!40101 SET character_set_client = utf8 */;
CREATE TABLE `form_page` (
  `id` bigint(20) NOT NULL AUTO_INCREMENT,
  `page_no` bigint(20) DEFAULT NULL,
  `template_location` varchar(255) DEFAULT NULL,
  `form_id` bigint(20) DEFAULT NULL,
  `created_at` datetime DEFAULT CURRENT_TIMESTAMP,
  `created_by` varchar(255) DEFAULT NULL,
  `updated_at` datetime DEFAULT CURRENT_TIMESTAMP ON UPDATE CURRENT_TIMESTAMP,
  `updated_by` varchar(255) DEFAULT NULL,
  PRIMARY KEY (`id`),
  KEY `FKqv51fqg4gp7aubrpfc4ged0r8` (`form_id`),
  CONSTRAINT `FKqv51fqg4gp7aubrpfc4ged0r8` FOREIGN KEY (`form_id`) REFERENCES `form` (`id`)
) ENGINE=InnoDB AUTO_INCREMENT=4 DEFAULT CHARSET=latin1;
/*!40101 SET character_set_client = @saved_cs_client */;

--
-- Dumping data for table `form_page`
--

LOCK TABLES `form_page` WRITE;
/*!40000 ALTER TABLE `form_page` DISABLE KEYS */;
INSERT INTO `form_page` VALUES (1,1,'templates/palm_insurance/forms/Suspense/suspense_letter_page_1.vm',1,'2021-03-05 11:45:49',NULL,'2021-03-16 14:38:22',NULL),(2,1,'templates/palm_insurance/forms/Dishonoured Deposit/Deposit_Insured_page_1.vm',2,'2021-03-17 19:16:22',NULL,'2021-03-17 19:16:22',NULL),(3,1,'templates/palm_insurance/forms/Dishonoured Deposit/Deposit_Agent_page_1.vm',3,'2021-03-18 12:30:42',NULL,'2021-03-18 12:34:49',NULL);
/*!40000 ALTER TABLE `form_page` ENABLE KEYS */;
UNLOCK TABLES;

--
-- Table structure for table `request_history`
--

DROP TABLE IF EXISTS `request_history`;
/*!40101 SET @saved_cs_client     = @@character_set_client */;
/*!40101 SET character_set_client = utf8 */;
CREATE TABLE `request_history` (
  `id` bigint(20) NOT NULL AUTO_INCREMENT,
  `request_id` varchar(255) DEFAULT NULL,
  `status` varchar(255) DEFAULT NULL,
  `request_json` varchar(255) DEFAULT NULL,
  `result` varchar(255) DEFAULT NULL,
  `created_by` varchar(255) DEFAULT NULL,
  `created_at` datetime DEFAULT CURRENT_TIMESTAMP,
  `updated_by` varchar(255) DEFAULT NULL,
  `updated_at` datetime DEFAULT CURRENT_TIMESTAMP ON UPDATE CURRENT_TIMESTAMP,
  PRIMARY KEY (`id`)
) ENGINE=InnoDB AUTO_INCREMENT=242 DEFAULT CHARSET=latin1;
/*!40101 SET character_set_client = @saved_cs_client */;

--
-- Dumping data for table `request_history`
--

LOCK TABLES `request_history` WRITE;
/*!40000 ALTER TABLE `request_history` DISABLE KEYS */;
INSERT INTO `request_history` VALUES (1,'eO9Pbc56jJTn','COMPLETED',NULL,NULL,NULL,'2021-03-26 11:10:28','palm_insur@yopmail.com','2021-03-26 11:11:02'),(2,'kRbSbvxKSesd','COMPLETED',NULL,NULL,NULL,'2021-03-26 12:02:51','palm_insur@yopmail.com','2021-03-26 12:03:02'),(3,'pmWhnXrCHHhV','GENERATED','/home/makarand/formz/palm_insurance/request-json-strings/pmWhnXrCHHhV.json','/home/makarand/formz/palm_insurance/pdfs/pmWhnXrCHHhV.pdf',NULL,'2021-03-26 12:15:00',NULL,'2021-03-26 12:15:01'),(4,'JF3rL9gpRaiB','GENERATED','/home/makarand/formz/palm_insurance/request-json-strings/JF3rL9gpRaiB.json','/home/makarand/formz/palm_insurance/pdfs/JF3rL9gpRaiB.pdf',NULL,'2021-03-26 12:15:03',NULL,'2021-03-26 12:15:03'),(5,'sinBsTATM3pI','COMPLETED',NULL,NULL,NULL,'2021-03-26 12:15:09','palm_insur@yopmail.com','2021-03-26 12:27:55'),(6,'ko6oH4Pchs6K','COMPLETED',NULL,NULL,NULL,'2021-03-26 12:28:59','palm_insur@yopmail.com','2021-03-26 12:29:06'),(7,'yW5KIaT8zNX7','COMPLETED',NULL,NULL,NULL,'2021-03-26 12:31:09','palm_insur@yopmail.com','2021-03-26 12:31:16'),(8,'eGPP1nmr7RQm','COMPLETED',NULL,NULL,NULL,'2021-03-26 12:37:44','palm_insur@yopmail.com','2021-03-26 12:37:52'),(9,'an2qgTKdZ9Z0','FAILED','/home/makarand/formz/palm_insurance/request-json-strings/an2qgTKdZ9Z0.json','Field name[CONAM] is not valid: [Request Id: an2qgTKdZ9Z0]',NULL,'2021-03-26 12:38:59',NULL,'2021-03-26 12:38:59'),(10,'SA8kr4W2EwGw','COMPLETED',NULL,NULL,NULL,'2021-03-26 12:47:06','palm_insur@yopmail.com','2021-03-26 12:47:15'),(11,'37CyluoSl3cJ','GENERATED','/home/makarand/formz/palm_insurance/request-json-strings/37CyluoSl3cJ.json','/home/makarand/formz/palm_insurance/pdfs/37CyluoSl3cJ.pdf',NULL,'2021-03-26 12:53:50',NULL,'2021-03-26 12:53:50'),(12,'NQiTL3kdkum8','GENERATED','/home/makarand/formz/palm_insurance/request-json-strings/NQiTL3kdkum8.json','/home/makarand/formz/palm_insurance/pdfs/NQiTL3kdkum8.pdf',NULL,'2021-03-26 12:53:50',NULL,'2021-03-26 12:53:51'),(13,'5zC2PFWkZjXj','COMPLETED',NULL,NULL,NULL,'2021-03-26 12:53:50','palm_insur@yopmail.com','2021-03-26 12:57:55'),(14,'N8dcYO2ldP30','GENERATED','/home/makarand/formz/palm_insurance/request-json-strings/N8dcYO2ldP30.json','/home/makarand/formz/palm_insurance/pdfs/N8dcYO2ldP30.pdf',NULL,'2021-03-26 12:57:42',NULL,'2021-03-26 12:57:42'),(15,'yY6ezqSv5Kzy','GENERATED','/home/makarand/formz/palm_insurance/request-json-strings/yY6ezqSv5Kzy.json','/home/makarand/formz/palm_insurance/pdfs/yY6ezqSv5Kzy.pdf',NULL,'2021-03-26 12:58:00',NULL,'2021-03-26 12:58:01'),(16,'QhevUUj30Ufg','GENERATED','/home/makarand/formz/palm_insurance/request-json-strings/QhevUUj30Ufg.json','/home/makarand/formz/palm_insurance/pdfs/QhevUUj30Ufg.pdf',NULL,'2021-03-26 12:58:07',NULL,'2021-03-26 12:58:08'),(17,'UUFMxOEWpLMP','GENERATED','/home/makarand/formz/palm_insurance/request-json-strings/UUFMxOEWpLMP.json','/home/makarand/formz/palm_insurance/pdfs/UUFMxOEWpLMP.pdf',NULL,'2021-03-26 12:58:42',NULL,'2021-03-26 12:58:43'),(18,'ALniPeoZXppG','GENERATED','/home/makarand/formz/palm_insurance/request-json-strings/ALniPeoZXppG.json','/home/makarand/formz/palm_insurance/pdfs/ALniPeoZXppG.pdf',NULL,'2021-03-26 12:59:41',NULL,'2021-03-26 12:59:42'),(19,'cGGCXWrEr58H','GENERATED','/home/makarand/formz/palm_insurance/request-json-strings/cGGCXWrEr58H.json','/home/makarand/formz/palm_insurance/pdfs/cGGCXWrEr58H.pdf',NULL,'2021-03-26 13:00:41',NULL,'2021-03-26 13:00:41'),(20,'3i4ppf4QhwNE','GENERATED','/home/makarand/formz/palm_insurance/request-json-strings/3i4ppf4QhwNE.json','/home/makarand/formz/palm_insurance/pdfs/3i4ppf4QhwNE.pdf',NULL,'2021-03-26 13:00:41',NULL,'2021-03-26 13:00:41'),(21,'muYBSBEcCcdE','GENERATED','/home/makarand/formz/palm_insurance/request-json-strings/muYBSBEcCcdE.json','/home/makarand/formz/palm_insurance/pdfs/muYBSBEcCcdE.pdf',NULL,'2021-03-26 13:00:41',NULL,'2021-03-26 13:00:41'),(22,'0rc5clTfxVQa','GENERATED','/home/makarand/formz/palm_insurance/request-json-strings/0rc5clTfxVQa.json','/home/makarand/formz/palm_insurance/pdfs/0rc5clTfxVQa.pdf',NULL,'2021-03-26 13:08:15',NULL,'2021-03-26 13:08:15'),(23,'V4unutbnVpaM','GENERATED','/home/makarand/formz/palm_insurance/request-json-strings/V4unutbnVpaM.json','/home/makarand/formz/palm_insurance/pdfs/V4unutbnVpaM.pdf',NULL,'2021-03-26 13:08:15',NULL,'2021-03-26 13:08:15'),(24,'PW580ZmmoWiE','FAILED','/home/makarand/formz/palm_insurance/request-json-strings/PW580ZmmoWiE.json','Field name[POLCANDATE] is not valid: [Request Id: PW580ZmmoWiE]',NULL,'2021-03-26 13:08:15',NULL,'2021-03-26 13:08:15'),(25,'6Ohw8uCSmfki','PROCESSING','/home/makarand/formz/palm_insurance/request-json-strings/6Ohw8uCSmfki.json',NULL,NULL,'2021-03-26 13:12:43',NULL,'2021-03-26 13:12:43'),(26,'IHq5ko9KAjBU','PROCESSING','/home/makarand/formz/palm_insurance/request-json-strings/IHq5ko9KAjBU.json',NULL,NULL,'2021-03-26 13:12:43',NULL,'2021-03-26 13:12:43'),(27,'Sk7yc6KirkiM','PROCESSING','/home/makarand/formz/palm_insurance/request-json-strings/Sk7yc6KirkiM.json',NULL,NULL,'2021-03-26 13:12:43',NULL,'2021-03-26 13:12:43'),(28,'tG7Cfr2qEyGt','PROCESSING','/home/makarand/formz/palm_insurance/request-json-strings/tG7Cfr2qEyGt.json',NULL,NULL,'2021-03-26 13:14:48',NULL,'2021-03-26 13:14:48'),(29,'OutAw7sn4H5Y','PROCESSING','/home/makarand/formz/palm_insurance/request-json-strings/OutAw7sn4H5Y.json',NULL,NULL,'2021-03-26 13:14:48',NULL,'2021-03-26 13:14:48'),(30,'LEmsAYaBN49w','PROCESSING','/home/makarand/formz/palm_insurance/request-json-strings/LEmsAYaBN49w.json',NULL,NULL,'2021-03-26 13:14:48',NULL,'2021-03-26 13:14:48'),(31,'6Bl6PjYGcqMI','GENERATED','/home/makarand/formz/palm_insurance/request-json-strings/6Bl6PjYGcqMI.json','/home/makarand/formz/palm_insurance/pdfs/6Bl6PjYGcqMI.pdf',NULL,'2021-03-26 13:16:15',NULL,'2021-03-26 13:16:16'),(32,'o4qc9zmeqeAg','PROCESSING','/home/makarand/formz/palm_insurance/request-json-strings/o4qc9zmeqeAg.json',NULL,NULL,'2021-03-26 13:16:15',NULL,'2021-03-26 13:16:15'),(33,'9ZKucmp54r3t','PROCESSING','/home/makarand/formz/palm_insurance/request-json-strings/9ZKucmp54r3t.json',NULL,NULL,'2021-03-26 13:16:15',NULL,'2021-03-26 13:16:15'),(34,'gzW9R4jDGvz4','PROCESSING','/home/makarand/formz/palm_insurance/request-json-strings/gzW9R4jDGvz4.json',NULL,NULL,'2021-03-26 13:16:23',NULL,'2021-03-26 13:16:23'),(35,'AZZSvHOOfwwS','PROCESSING','/home/makarand/formz/palm_insurance/request-json-strings/AZZSvHOOfwwS.json',NULL,NULL,'2021-03-26 13:16:23',NULL,'2021-03-26 13:16:23'),(36,'AHN4vEPhyU15','PROCESSING','/home/makarand/formz/palm_insurance/request-json-strings/AHN4vEPhyU15.json',NULL,NULL,'2021-03-26 13:16:24',NULL,'2021-03-26 13:16:24'),(37,'plShCFhpfIPt','PROCESSING','/home/makarand/formz/palm_insurance/request-json-strings/plShCFhpfIPt.json',NULL,NULL,'2021-03-26 13:16:53',NULL,'2021-03-26 13:16:53'),(38,'8Z81WdV9LUwo','PROCESSING','/home/makarand/formz/palm_insurance/request-json-strings/8Z81WdV9LUwo.json',NULL,NULL,'2021-03-26 13:16:53',NULL,'2021-03-26 13:16:53'),(39,'tzYQTD2gOTuJ','PROCESSING','/home/makarand/formz/palm_insurance/request-json-strings/tzYQTD2gOTuJ.json',NULL,NULL,'2021-03-26 13:16:53',NULL,'2021-03-26 13:16:53'),(40,'UW5vemgNf7zj','COMPLETED',NULL,NULL,NULL,'2021-03-26 13:18:20','palm_insur@yopmail.com','2021-03-26 13:18:37'),(41,'5ZHzuNvgECQP','GENERATED','/home/makarand/formz/palm_insurance/request-json-strings/5ZHzuNvgECQP.json','/home/makarand/formz/palm_insurance/pdfs/5ZHzuNvgECQP.pdf',NULL,'2021-03-26 13:19:21',NULL,'2021-03-26 13:19:21'),(42,'6LAnrqpm0EyW','GENERATED','/home/makarand/formz/palm_insurance/request-json-strings/6LAnrqpm0EyW.json','/home/makarand/formz/palm_insurance/pdfs/6LAnrqpm0EyW.pdf',NULL,'2021-03-26 13:19:21',NULL,'2021-03-26 13:19:21'),(43,'oZD9toxl8qhn','COMPLETED',NULL,NULL,NULL,'2021-03-26 13:19:21','palm_insur@yopmail.com','2021-03-26 13:19:43'),(44,'GKkGAcNSrywu','PROCESSING','/home/makarand/formz/palm_insurance/request-json-strings/GKkGAcNSrywu.json',NULL,NULL,'2021-03-26 13:20:07',NULL,'2021-03-26 13:20:07'),(45,'nUrKUxclFOZQ','PROCESSING','/home/makarand/formz/palm_insurance/request-json-strings/nUrKUxclFOZQ.json',NULL,NULL,'2021-03-26 13:20:07',NULL,'2021-03-26 13:20:07'),(46,'wNBIzAYTA1tm','PROCESSING','/home/makarand/formz/palm_insurance/request-json-strings/wNBIzAYTA1tm.json',NULL,NULL,'2021-03-26 13:20:07',NULL,'2021-03-26 13:20:07'),(47,'rg2i0LKeEeXr','PROCESSING','/home/makarand/formz/palm_insurance/request-json-strings/rg2i0LKeEeXr.json',NULL,NULL,'2021-03-26 13:20:59',NULL,'2021-03-26 13:20:59'),(48,'5qK3Ol4CbGv9','PROCESSING','/home/makarand/formz/palm_insurance/request-json-strings/5qK3Ol4CbGv9.json',NULL,NULL,'2021-03-26 13:20:59',NULL,'2021-03-26 13:20:59'),(49,'6jHdBeFO3rnH','PROCESSING','/home/makarand/formz/palm_insurance/request-json-strings/6jHdBeFO3rnH.json',NULL,NULL,'2021-03-26 13:20:59',NULL,'2021-03-26 13:20:59'),(50,'CexBKVJUDA1d','GENERATED','/home/makarand/formz/palm_insurance/request-json-strings/CexBKVJUDA1d.json','/home/makarand/formz/palm_insurance/pdfs/CexBKVJUDA1d.pdf',NULL,'2021-03-26 13:21:22',NULL,'2021-03-26 13:21:54'),(51,'eRHgtYpZQ25l','PROCESSING','/home/makarand/formz/palm_insurance/request-json-strings/eRHgtYpZQ25l.json',NULL,NULL,'2021-03-26 13:21:22',NULL,'2021-03-26 13:21:22'),(52,'co5tFqHr2AAZ','PROCESSING','/home/makarand/formz/palm_insurance/request-json-strings/co5tFqHr2AAZ.json',NULL,NULL,'2021-03-26 13:21:22',NULL,'2021-03-26 13:21:22'),(53,'MeetAQom49bR','GENERATED','/home/makarand/formz/palm_insurance/request-json-strings/MeetAQom49bR.json','/home/makarand/formz/palm_insurance/pdfs/MeetAQom49bR.pdf',NULL,'2021-03-26 13:21:48',NULL,'2021-03-26 13:21:49'),(54,'baYWSV7DSfUf','GENERATED','/home/makarand/formz/palm_insurance/request-json-strings/baYWSV7DSfUf.json','/home/makarand/formz/palm_insurance/pdfs/baYWSV7DSfUf.pdf',NULL,'2021-03-26 13:21:49',NULL,'2021-03-26 13:21:49'),(55,'FwZrO3jFobkI','GENERATED','/home/makarand/formz/palm_insurance/request-json-strings/FwZrO3jFobkI.json','/home/makarand/formz/palm_insurance/pdfs/FwZrO3jFobkI.pdf',NULL,'2021-03-26 13:21:49',NULL,'2021-03-26 13:21:49'),(56,'bQYpw8M29155','PROCESSING','/home/makarand/formz/palm_insurance/request-json-strings/bQYpw8M29155.json',NULL,NULL,'2021-03-26 13:22:16',NULL,'2021-03-26 13:22:16'),(57,'IXkjzrvaheDD','PROCESSING','/home/makarand/formz/palm_insurance/request-json-strings/IXkjzrvaheDD.json',NULL,NULL,'2021-03-26 13:22:16',NULL,'2021-03-26 13:22:16'),(58,'bGROOBfJTklx','PROCESSING','/home/makarand/formz/palm_insurance/request-json-strings/bGROOBfJTklx.json',NULL,NULL,'2021-03-26 13:22:16',NULL,'2021-03-26 13:22:16'),(59,'SKuuxvYtoTJQ','PROCESSING','/home/makarand/formz/palm_insurance/request-json-strings/SKuuxvYtoTJQ.json',NULL,NULL,'2021-03-26 13:23:02',NULL,'2021-03-26 13:23:02'),(60,'euKUGldBD1F0','PROCESSING','/home/makarand/formz/palm_insurance/request-json-strings/euKUGldBD1F0.json',NULL,NULL,'2021-03-26 13:23:02',NULL,'2021-03-26 13:23:02'),(61,'VqBqKpSBy3FB','PROCESSING','/home/makarand/formz/palm_insurance/request-json-strings/VqBqKpSBy3FB.json',NULL,NULL,'2021-03-26 13:23:02',NULL,'2021-03-26 13:23:02'),(62,'UdyQgJRSZZKl','GENERATED','/home/makarand/formz/palm_insurance/request-json-strings/UdyQgJRSZZKl.json','/home/makarand/formz/palm_insurance/pdfs/UdyQgJRSZZKl.pdf',NULL,'2021-03-26 13:23:19',NULL,'2021-03-26 13:23:19'),(63,'MyjiUsEFbw6z','GENERATED','/home/makarand/formz/palm_insurance/request-json-strings/MyjiUsEFbw6z.json','/home/makarand/formz/palm_insurance/pdfs/MyjiUsEFbw6z.pdf',NULL,'2021-03-26 13:23:19',NULL,'2021-03-26 13:23:19'),(64,'ezz2te2Q5o2c','COMPLETED',NULL,NULL,NULL,'2021-03-26 13:23:19','palm_insur@yopmail.com','2021-03-26 13:23:40'),(65,'wQ3kKEMcFh5Y','GENERATED','/home/makarand/formz/palm_insurance/request-json-strings/wQ3kKEMcFh5Y.json','/home/makarand/formz/palm_insurance/pdfs/wQ3kKEMcFh5Y.pdf',NULL,'2021-03-26 13:23:46',NULL,'2021-03-26 13:23:58'),(66,'iKvYj1Hw7Gv6','GENERATED','/home/makarand/formz/palm_insurance/request-json-strings/iKvYj1Hw7Gv6.json','/home/makarand/formz/palm_insurance/pdfs/iKvYj1Hw7Gv6.pdf',NULL,'2021-03-26 13:25:08',NULL,'2021-03-26 13:26:41'),(67,'wrFEMcvvyukC','PROCESSING','/home/makarand/formz/palm_insurance/request-json-strings/wrFEMcvvyukC.json',NULL,NULL,'2021-03-26 13:26:41',NULL,'2021-03-26 13:26:41'),(68,'VTEhw5ymWxhx','PROCESSING','/home/makarand/formz/palm_insurance/request-json-strings/VTEhw5ymWxhx.json',NULL,NULL,'2021-03-26 13:26:41',NULL,'2021-03-26 13:26:41'),(69,'xGGLQ2lP1yh8','GENERATED','/home/makarand/formz/palm_insurance/request-json-strings/xGGLQ2lP1yh8.json','/home/makarand/formz/palm_insurance/pdfs/xGGLQ2lP1yh8.pdf',NULL,'2021-03-26 13:26:53',NULL,'2021-03-26 13:26:53'),(70,'FZR6kbp9Joe1','GENERATED','/home/makarand/formz/palm_insurance/request-json-strings/FZR6kbp9Joe1.json','/home/makarand/formz/palm_insurance/pdfs/FZR6kbp9Joe1.pdf',NULL,'2021-03-26 13:26:53',NULL,'2021-03-26 13:26:53'),(71,'zWXXRsdQSVlp','COMPLETED',NULL,NULL,NULL,'2021-03-26 13:26:53','palm_insur@yopmail.com','2021-03-26 13:26:59'),(72,'UcOtSvpOSXlX','COMPLETED',NULL,NULL,NULL,'2021-03-26 14:03:05','palm_insur@yopmail.com','2021-03-26 14:03:09'),(73,'97ahBSsGQu7F','COMPLETED',NULL,NULL,NULL,'2021-03-26 14:11:21','palm_insur@yopmail.com','2021-03-26 14:11:27'),(74,'RCqyZgGpqviZ','COMPLETED',NULL,NULL,NULL,'2021-03-26 14:14:49','palm_insur@yopmail.com','2021-03-26 14:14:54'),(75,'bcB5oELjnW6T','COMPLETED',NULL,NULL,NULL,'2021-03-26 14:15:30','palm_insur@yopmail.com','2021-03-26 14:15:32'),(76,'aPj8oEAwFCbf','GENERATED','/home/makarand/formz/palm_insurance/request-json-strings/aPj8oEAwFCbf.json','/home/makarand/formz/palm_insurance/pdfs/aPj8oEAwFCbf.pdf',NULL,'2021-03-26 14:20:53',NULL,'2021-03-26 14:20:53'),(77,'12SxBjfiM9Np','COMPLETED',NULL,NULL,NULL,'2021-03-26 14:20:56','palm_insur@yopmail.com','2021-03-26 14:20:59'),(78,'iZGi3ONkle4L','COMPLETED',NULL,NULL,NULL,'2021-03-26 14:23:34','palm_insur@yopmail.com','2021-03-26 14:23:42'),(79,'WEaUTgGKqKzi','COMPLETED',NULL,NULL,NULL,'2021-03-26 14:24:28','palm_insur@yopmail.com','2021-03-26 14:24:52'),(80,'OsvQA91DbM5i','GENERATED','/home/makarand/formz/palm_insurance/request-json-strings/OsvQA91DbM5i.json','/home/makarand/formz/palm_insurance/pdfs/OsvQA91DbM5i.pdf',NULL,'2021-03-26 14:26:36',NULL,'2021-03-26 14:26:36'),(81,'53DyeCCu0Rcf','COMPLETED',NULL,NULL,NULL,'2021-03-26 14:26:44','palm_insur@yopmail.com','2021-03-26 14:26:47'),(82,'EeDiul60276l','COMPLETED',NULL,NULL,NULL,'2021-03-26 14:27:04','palm_insur@yopmail.com','2021-03-26 14:27:10'),(83,'c3aoJcnxUtrh','COMPLETED',NULL,NULL,NULL,'2021-03-26 14:27:35','palm_insur@yopmail.com','2021-03-26 14:27:37'),(84,'8KT3wod38wno','GENERATED','/home/makarand/formz/palm_insurance/request-json-strings/8KT3wod38wno.json','/home/makarand/formz/palm_insurance/pdfs/8KT3wod38wno.pdf',NULL,'2021-03-26 14:28:43',NULL,'2021-03-26 14:28:44'),(85,'CAp8QAFda8PT','COMPLETED',NULL,NULL,NULL,'2021-03-26 14:30:33','palm_insur@yopmail.com','2021-03-26 14:30:41'),(86,'QBmx64drD6L4','GENERATED','/home/makarand/formz/palm_insurance/request-json-strings/QBmx64drD6L4.json','/home/makarand/formz/palm_insurance/pdfs/QBmx64drD6L4.pdf',NULL,'2021-03-26 14:42:22',NULL,'2021-03-26 14:42:23'),(87,'XpXfn61OHzPP','GENERATED','/home/makarand/formz/palm_insurance/request-json-strings/XpXfn61OHzPP.json','/home/makarand/formz/palm_insurance/pdfs/XpXfn61OHzPP.pdf',NULL,'2021-03-26 14:43:08',NULL,'2021-03-26 14:43:08'),(88,'2etHIKyhbjc8','GENERATED','/home/makarand/formz/palm_insurance/request-json-strings/2etHIKyhbjc8.json','/home/makarand/formz/palm_insurance/pdfs/2etHIKyhbjc8.pdf',NULL,'2021-03-26 14:43:11',NULL,'2021-03-26 14:43:11'),(89,'BCN0qd4wlmhz','COMPLETED',NULL,NULL,NULL,'2021-03-26 14:53:15','palm_insur@yopmail.com','2021-03-26 14:54:15'),(90,'XSNi218Sw3EW','FAILED','/home/makarand/formz/palm_insurance/request-json-strings/XSNi218Sw3EW.json','Field name[CONAM] is not valid: [Request Id: XSNi218Sw3EW]',NULL,'2021-03-26 14:58:58',NULL,'2021-03-26 14:58:58'),(91,'zZkxV7T7RE4y','GENERATED','/home/makarand/formz/palm_insurance/request-json-strings/zZkxV7T7RE4y.json','/home/makarand/formz/palm_insurance/pdfs/zZkxV7T7RE4y.pdf',NULL,'2021-03-26 14:59:35',NULL,'2021-03-26 14:59:35'),(92,'iZUtWprxnPF8','COMPLETED',NULL,NULL,NULL,'2021-03-26 15:11:59','palm_insur@yopmail.com','2021-03-26 15:25:45'),(93,'HxsiVx2sUi6s','GENERATED','/home/makarand/formz/palm_insurance/request-json-strings/HxsiVx2sUi6s.json','/home/makarand/formz/palm_insurance/pdfs/HxsiVx2sUi6s.pdf',NULL,'2021-03-26 15:26:57',NULL,'2021-03-26 15:26:58'),(94,'OU7Z3it6c3m3','GENERATED','/home/makarand/formz/palm_insurance/request-json-strings/OU7Z3it6c3m3.json','/home/makarand/formz/palm_insurance/pdfs/OU7Z3it6c3m3.pdf',NULL,'2021-03-26 15:31:59',NULL,'2021-03-26 15:32:02'),(95,'AmtHr2XObC6I','GENERATED','/home/makarand/formz/palm_insurance/request-json-strings/AmtHr2XObC6I.json','/home/makarand/formz/palm_insurance/pdfs/AmtHr2XObC6I.pdf',NULL,'2021-03-26 15:33:28',NULL,'2021-03-26 15:33:28'),(96,'Ldk5W0Dca7B6','GENERATED','/home/makarand/formz/palm_insurance/request-json-strings/Ldk5W0Dca7B6.json','/home/makarand/formz/palm_insurance/pdfs/Ldk5W0Dca7B6.pdf',NULL,'2021-03-26 15:34:22',NULL,'2021-03-26 15:34:23'),(97,'vmKL0KrxioMr','GENERATED','/home/makarand/formz/palm_insurance/request-json-strings/vmKL0KrxioMr.json','/home/makarand/formz/palm_insurance/pdfs/vmKL0KrxioMr.pdf',NULL,'2021-03-26 15:34:41',NULL,'2021-03-26 15:34:42'),(98,'25A8kRQmlols','FAILED','/home/makarand/formz/palm_insurance/request-json-strings/25A8kRQmlols.json','Form [suspense invalid] not found: [Request Id: ]',NULL,'2021-03-26 15:35:25',NULL,'2021-03-26 15:35:25'),(99,'73mXpp81rgH8','COMPLETED',NULL,NULL,NULL,'2021-03-26 15:36:35','palm_insur@yopmail.com','2021-03-26 15:36:36'),(100,'4dwsKYaTku1n','COMPLETED',NULL,NULL,NULL,'2021-03-26 15:38:38','palm_insur@yopmail.com','2021-03-26 15:38:40'),(101,'dUkSFOSxVeKw','GENERATED','/home/makarand/formz/palm_insurance/request-json-strings/dUkSFOSxVeKw.json','/home/makarand/formz/palm_insurance/pdfs/dUkSFOSxVeKw.pdf',NULL,'2021-03-26 15:40:42',NULL,'2021-03-26 15:40:45'),(102,'apFpfiijF5RU','GENERATED','/home/makarand/formz/palm_insurance/request-json-strings/apFpfiijF5RU.json','/home/makarand/formz/palm_insurance/pdfs/apFpfiijF5RU.pdf',NULL,'2021-03-26 15:41:37',NULL,'2021-03-26 15:41:38'),(103,'IjM7dBhWy26M','COMPLETED',NULL,NULL,NULL,'2021-03-26 15:45:02','palm_insur@yopmail.com','2021-03-26 15:45:17'),(104,'AAprThwh0a9H','GENERATED','/home/makarand/formz/palm_insurance/request-json-strings/AAprThwh0a9H.json','/home/makarand/formz/palm_insurance/pdfs/AAprThwh0a9H.pdf',NULL,'2021-03-26 15:46:03',NULL,'2021-03-26 15:46:03'),(105,'Yk5X5s5IVcQk','GENERATED','/home/makarand/formz/palm_insurance/request-json-strings/Yk5X5s5IVcQk.json','/home/makarand/formz/palm_insurance/pdfs/Yk5X5s5IVcQk.pdf',NULL,'2021-03-26 15:50:50',NULL,'2021-03-26 15:50:51'),(106,'p6sTgQa28eW7','GENERATED','/home/makarand/formz/palm_insurance/request-json-strings/p6sTgQa28eW7.json','/home/makarand/formz/palm_insurance/pdfs/p6sTgQa28eW7.pdf',NULL,'2021-03-26 15:51:56',NULL,'2021-03-26 15:51:57'),(107,'WJYySbb7WYN3','GENERATED','/home/makarand/formz/palm_insurance/request-json-strings/WJYySbb7WYN3.json','/home/makarand/formz/palm_insurance/pdfs/WJYySbb7WYN3.pdf',NULL,'2021-03-26 15:57:32',NULL,'2021-03-26 15:57:33'),(108,'6UfPchOgMgYg','COMPLETED',NULL,NULL,NULL,'2021-03-26 15:58:11','palm_insur@yopmail.com','2021-03-26 15:58:12'),(109,'qFoSi7suxqrG','GENERATED','/home/makarand/formz/palm_insurance/request-json-strings/qFoSi7suxqrG.json','/home/makarand/formz/palm_insurance/pdfs/qFoSi7suxqrG.pdf',NULL,'2021-03-26 16:00:38',NULL,'2021-03-26 16:00:38'),(110,'9MuBOy8JgZyH','COMPLETED',NULL,NULL,NULL,'2021-03-26 16:01:19','palm_insur@yopmail.com','2021-03-26 16:01:20'),(111,'sHnKMDXI5YPk','FAILED','/home/makarand/formz/palm_insurance/request-json-strings/sHnKMDXI5YPk.json','Form [invalid] not found: [Request Id: ]',NULL,'2021-03-26 16:03:41',NULL,'2021-03-26 16:03:41'),(112,'I9cBVCINX9ma','GENERATED','/home/makarand/formz/palm_insurance/request-json-strings/I9cBVCINX9ma.json','/home/makarand/formz/palm_insurance/pdfs/I9cBVCINX9ma.pdf',NULL,'2021-03-26 16:05:10',NULL,'2021-03-26 16:05:10'),(113,'JjgKx3pPmSFi','FAILED','/home/makarand/formz/palm_insurance/request-json-strings/JjgKx3pPmSFi.json','Form [invalid] not found: [Request Id: ]',NULL,'2021-03-26 16:05:29',NULL,'2021-03-26 16:05:29'),(114,'zL2wRKG7M0Do','FAILED','/home/makarand/formz/palm_insurance/request-json-strings/zL2wRKG7M0Do.json','Field name[CONAM] is not valid: [Request Id: zL2wRKG7M0Do]',NULL,'2021-03-26 16:05:45',NULL,'2021-03-26 16:05:45'),(115,'gx9sBpuMPtZq','FAILED','/home/makarand/formz/palm_insurance/request-json-strings/gx9sBpuMPtZq.json','Form [invalid] not found: [Request Id: ]',NULL,'2021-03-26 16:05:59',NULL,'2021-03-26 16:05:59'),(116,'e8oiqqJTzUrT','FAILED','/home/makarand/formz/palm_insurance/request-json-strings/e8oiqqJTzUrT.json','Form [invalid] not found: [Request Id: ]',NULL,'2021-03-26 16:07:38',NULL,'2021-03-26 16:07:38'),(117,'OGRBefCtdSWf','GENERATED','/home/makarand/formz/palm_insurance/request-json-strings/OGRBefCtdSWf.json','/home/makarand/formz/palm_insurance/pdfs/OGRBefCtdSWf.pdf',NULL,'2021-03-26 16:09:59',NULL,'2021-03-26 16:10:01'),(118,'iwCPe0YtwGG7','FAILED','/home/makarand/formz/palm_insurance/request-json-strings/iwCPe0YtwGG7.json','Form [invalid] not found: [Request Id: ]',NULL,'2021-03-26 16:10:17',NULL,'2021-03-26 16:10:17'),(119,'sQn0xzR3I7b1','FAILED','/home/makarand/formz/palm_insurance/request-json-strings/sQn0xzR3I7b1.json','Form [invalid] not found: [Request Id: ]',NULL,'2021-03-26 16:10:39',NULL,'2021-03-26 16:10:39'),(120,'dyfAK2XJzFEl','FAILED','/home/makarand/formz/palm_insurance/request-json-strings/dyfAK2XJzFEl.json','Form [invalid] not found: [Request Id: ]',NULL,'2021-03-26 16:12:55',NULL,'2021-03-26 16:12:56'),(121,'udAmRmjctevs','FAILED','/home/makarand/formz/palm_insurance/request-json-strings/udAmRmjctevs.json','Form [invalid] not found: [Request Id: ]',NULL,'2021-03-26 16:15:56',NULL,'2021-03-26 16:15:56'),(122,'LM28XM0wCCxj','FAILED','/home/makarand/formz/palm_insurance/request-json-strings/LM28XM0wCCxj.json','Form [invalid] not found: [Request Id: ]',NULL,'2021-03-26 16:17:51',NULL,'2021-03-26 16:17:51'),(123,'UyOzZ7SkqDVs','FAILED','/home/makarand/formz/palm_insurance/request-json-strings/UyOzZ7SkqDVs.json','Form [invalid] not found: [Request Id: ]',NULL,'2021-03-26 16:21:18',NULL,'2021-03-26 16:21:18'),(124,'yqkvm7o3Ekd1','GENERATED','/home/makarand/formz/palm_insurance/request-json-strings/yqkvm7o3Ekd1.json','/home/makarand/formz/palm_insurance/pdfs/yqkvm7o3Ekd1.pdf',NULL,'2021-03-26 16:24:46',NULL,'2021-03-26 16:24:48'),(125,'lbIBUxvWGT7f','COMPLETED',NULL,NULL,NULL,'2021-03-26 16:27:36','palm_insur@yopmail.com','2021-03-26 16:27:50'),(126,'cRJRwhGr3NLw','GENERATED','/home/makarand/formz/palm_insurance/request-json-strings/cRJRwhGr3NLw.json','/home/makarand/formz/palm_insurance/pdfs/cRJRwhGr3NLw.pdf',NULL,'2021-03-26 16:28:00',NULL,'2021-03-26 16:28:01'),(127,'eJJp75MoIsny','GENERATED','/home/makarand/formz/palm_insurance/request-json-strings/eJJp75MoIsny.json','/home/makarand/formz/palm_insurance/pdfs/eJJp75MoIsny.pdf',NULL,'2021-03-26 16:30:05',NULL,'2021-03-26 16:30:07'),(128,'q9GSVevgas15','COMPLETED',NULL,NULL,NULL,'2021-03-26 16:31:13','palm_insur@yopmail.com','2021-03-26 16:32:53'),(129,'NgiaiQwy85wd','COMPLETED',NULL,NULL,NULL,'2021-03-26 16:34:42','palm_insur@yopmail.com','2021-03-26 16:35:01'),(130,'wFrg8uReFxAx','COMPLETED',NULL,NULL,NULL,'2021-03-26 16:36:00','palm_insur@yopmail.com','2021-03-26 16:36:24'),(131,'L5UuTKVSg3zP','GENERATED','/home/makarand/formz/palm_insurance/request-json-strings/L5UuTKVSg3zP.json','/home/makarand/formz/palm_insurance/pdfs/L5UuTKVSg3zP.pdf',NULL,'2021-03-26 16:38:17',NULL,'2021-03-26 16:38:17'),(132,'joXz7Cgz7pEk','GENERATED','/home/makarand/formz/palm_insurance/request-json-strings/joXz7Cgz7pEk.json','/home/makarand/formz/palm_insurance/pdfs/joXz7Cgz7pEk.pdf',NULL,'2021-03-26 16:39:23',NULL,'2021-03-26 16:39:23'),(133,'dc1HCBoRkj3k','GENERATED','/home/makarand/formz/palm_insurance/request-json-strings/dc1HCBoRkj3k.json','/home/makarand/formz/palm_insurance/pdfs/dc1HCBoRkj3k.pdf',NULL,'2021-03-26 16:40:49',NULL,'2021-03-26 16:40:49'),(134,'6g2P1mjc357a','GENERATED','/home/makarand/formz/palm_insurance/request-json-strings/6g2P1mjc357a.json','/home/makarand/formz/palm_insurance/pdfs/6g2P1mjc357a.pdf',NULL,'2021-03-26 16:41:19',NULL,'2021-03-26 16:41:30'),(135,'Ih7Me3wQlbxu','GENERATED','/home/makarand/formz/palm_insurance/request-json-strings/Ih7Me3wQlbxu.json','/home/makarand/formz/palm_insurance/pdfs/Ih7Me3wQlbxu.pdf',NULL,'2021-03-26 16:42:21',NULL,'2021-03-26 16:43:14'),(136,'KLyV1vhgBYzC','COMPLETED',NULL,NULL,NULL,'2021-03-26 16:45:16','palm_insur@yopmail.com','2021-03-26 16:45:28'),(137,'iik3PLfW9ziD','COMPLETED',NULL,NULL,NULL,'2021-03-26 16:46:12','palm_insur@yopmail.com','2021-03-26 16:46:27'),(138,'fjH4SpMzxM5s','GENERATED','/home/makarand/formz/palm_insurance/request-json-strings/fjH4SpMzxM5s.json','/home/makarand/formz/palm_insurance/pdfs/fjH4SpMzxM5s.pdf',NULL,'2021-03-26 16:46:56',NULL,'2021-03-26 16:46:57'),(139,'mpm3nO4kZbY8','COMPLETED',NULL,NULL,NULL,'2021-03-26 16:48:03','palm_insur@yopmail.com','2021-03-26 16:48:08'),(140,'kgPLwM4OEfZP','COMPLETED',NULL,NULL,NULL,'2021-03-26 16:48:35','palm_insur@yopmail.com','2021-03-26 16:48:40'),(141,'pVmMaOg8e9xL','COMPLETED',NULL,NULL,NULL,'2021-03-26 16:50:11','palm_insur@yopmail.com','2021-03-26 16:50:16'),(142,'QnBX4Uvlrqyg','COMPLETED',NULL,NULL,NULL,'2021-03-26 16:50:43','palm_insur@yopmail.com','2021-03-26 16:50:48'),(143,'tgQkZhf8nUpj','COMPLETED',NULL,NULL,NULL,'2021-03-26 16:58:00','palm_insur@yopmail.com','2021-03-26 16:58:05'),(144,'621LLafEQOie','COMPLETED',NULL,NULL,NULL,'2021-03-26 17:14:56','palm_insur@yopmail.com','2021-03-26 17:15:01'),(145,'ksgbuLnb10zd','COMPLETED',NULL,NULL,NULL,'2021-03-26 17:15:16','palm_insur@yopmail.com','2021-03-26 17:15:21'),(146,'IWWig2ckaJQc','COMPLETED',NULL,NULL,NULL,'2021-03-26 17:15:47','palm_insur@yopmail.com','2021-03-26 17:15:52'),(147,'HlxiTVfICf6z','COMPLETED',NULL,NULL,NULL,'2021-03-26 17:16:32','palm_insur@yopmail.com','2021-03-26 17:16:37'),(148,'TGWVFPnkQTi4','COMPLETED',NULL,NULL,NULL,'2021-03-26 17:19:23','palm_insur@yopmail.com','2021-03-26 17:19:27'),(149,'5G9kKlmnNCyc','COMPLETED',NULL,NULL,NULL,'2021-03-26 17:24:17','palm_insur@yopmail.com','2021-03-26 17:24:21'),(150,'1hJmhg6Zu1Vl','COMPLETED',NULL,NULL,NULL,'2021-03-26 18:07:55','palm_insur@yopmail.com','2021-03-26 18:07:59'),(151,'eUAdh6esnQNm','COMPLETED',NULL,NULL,NULL,'2021-03-26 18:11:33','palm_insur@yopmail.com','2021-03-26 18:11:37'),(152,'D8YoSV7MDx2E','COMPLETED',NULL,NULL,NULL,'2021-03-26 18:12:31','palm_insur@yopmail.com','2021-03-26 18:13:22'),(153,'vxldyMGcYeG1','COMPLETED',NULL,NULL,NULL,'2021-03-26 18:40:38','palm_insur@yopmail.com','2021-03-26 18:41:29'),(154,'5QTjCLxLJOiL','GENERATED','/home/makarand/formz/palm_insurance/request-json-strings/5QTjCLxLJOiL.json','/home/makarand/formz/palm_insurance/pdfs/5QTjCLxLJOiL.pdf',NULL,'2021-03-26 18:42:56',NULL,'2021-03-26 18:42:56'),(155,'1lACECrZVC19','GENERATED','/home/makarand/formz/palm_insurance/request-json-strings/1lACECrZVC19.json','/home/makarand/formz/palm_insurance/pdfs/1lACECrZVC19.pdf',NULL,'2021-03-26 18:52:00',NULL,'2021-03-26 18:52:00'),(156,'VePn7O4nKR3N','GENERATED','/home/makarand/formz/palm_insurance/request-json-strings/VePn7O4nKR3N.json','/home/makarand/formz/palm_insurance/pdfs/VePn7O4nKR3N.pdf',NULL,'2021-03-26 18:52:48',NULL,'2021-03-26 18:52:48'),(157,'BnuqiZJBPLRU','GENERATED','/home/makarand/formz/palm_insurance/request-json-strings/BnuqiZJBPLRU.json','/home/makarand/formz/palm_insurance/pdfs/BnuqiZJBPLRU.pdf',NULL,'2021-03-26 19:22:12',NULL,'2021-03-26 19:22:14'),(158,'8ImMIFFxsjNe','GENERATED','/home/makarand/formz/palm_insurance/request-json-strings/8ImMIFFxsjNe.json','/home/makarand/formz/palm_insurance/pdfs/8ImMIFFxsjNe.pdf',NULL,'2021-03-26 19:22:48',NULL,'2021-03-26 19:22:48'),(159,'TW8OaKPAIgqM','GENERATED','/home/makarand/formz/palm_insurance/request-json-strings/TW8OaKPAIgqM.json','/home/makarand/formz/palm_insurance/pdfs/TW8OaKPAIgqM.pdf',NULL,'2021-03-26 19:22:56',NULL,'2021-03-26 19:22:57'),(160,'E4ePud9GK0qg','GENERATED','/home/makarand/formz/palm_insurance/request-json-strings/E4ePud9GK0qg.json','/home/makarand/formz/palm_insurance/pdfs/E4ePud9GK0qg.pdf',NULL,'2021-03-26 19:26:33',NULL,'2021-03-26 19:26:35'),(161,'CNq47kqgPyL7','GENERATED','/home/makarand/formz/palm_insurance/request-json-strings/CNq47kqgPyL7.json','/home/makarand/formz/palm_insurance/pdfs/CNq47kqgPyL7.pdf',NULL,'2021-03-26 19:26:45',NULL,'2021-03-26 19:26:45'),(162,'O1g46Qj9IkEi','GENERATED','/home/makarand/formz/palm_insurance/request-json-strings/O1g46Qj9IkEi.json','/home/makarand/formz/palm_insurance/pdfs/O1g46Qj9IkEi.pdf',NULL,'2021-03-26 19:27:23',NULL,'2021-03-26 19:27:24'),(163,'j0OlJhDFDFLZ','GENERATED','/home/makarand/formz/palm_insurance/request-json-strings/j0OlJhDFDFLZ.json','/home/makarand/formz/palm_insurance/pdfs/j0OlJhDFDFLZ.pdf',NULL,'2021-03-26 19:27:58',NULL,'2021-03-26 19:27:58'),(164,'X0tm4G3pYLVa','GENERATED','/home/makarand/formz/palm_insurance/request-json-strings/X0tm4G3pYLVa.json','/home/makarand/formz/palm_insurance/pdfs/X0tm4G3pYLVa.pdf',NULL,'2021-03-26 19:32:24',NULL,'2021-03-26 19:32:26'),(165,'p6iVjyGMzbHk','GENERATED','/home/makarand/formz/palm_insurance/request-json-strings/p6iVjyGMzbHk.json','/home/makarand/formz/palm_insurance/pdfs/p6iVjyGMzbHk.pdf',NULL,'2021-03-26 19:34:11',NULL,'2021-03-26 19:34:13'),(166,'b980KgaVbVDy','GENERATED','/home/makarand/formz/palm_insurance/request-json-strings/b980KgaVbVDy.json','/home/makarand/formz/palm_insurance/pdfs/b980KgaVbVDy.pdf',NULL,'2021-03-26 19:35:58',NULL,'2021-03-26 19:35:59'),(167,'S9nqMen8wuAn','GENERATED','/home/makarand/formz/palm_insurance/request-json-strings/S9nqMen8wuAn.json','/home/makarand/formz/palm_insurance/pdfs/S9nqMen8wuAn.pdf',NULL,'2021-03-26 19:38:17',NULL,'2021-03-26 19:38:17'),(168,'Pe8pmjNB0SgS','GENERATED','/home/makarand/formz/palm_insurance/request-json-strings/Pe8pmjNB0SgS.json','/home/makarand/formz/palm_insurance/pdfs/Pe8pmjNB0SgS.pdf',NULL,'2021-03-26 19:39:11',NULL,'2021-03-26 19:39:12'),(169,'7DZelJ7ZLhbG','GENERATED','/home/makarand/formz/palm_insurance/request-json-strings/7DZelJ7ZLhbG.json','/home/makarand/formz/palm_insurance/pdfs/7DZelJ7ZLhbG.pdf',NULL,'2021-03-26 19:51:57',NULL,'2021-03-26 19:51:58'),(170,'valrxMp8kBee','GENERATED','/home/makarand/formz/palm_insurance/request-json-strings/valrxMp8kBee.json','/home/makarand/formz/palm_insurance/pdfs/valrxMp8kBee.pdf',NULL,'2021-03-26 19:55:23',NULL,'2021-03-26 19:55:23'),(171,'51Gum1GlrCrS','GENERATED','/home/makarand/formz/palm_insurance/request-json-strings/51Gum1GlrCrS.json','/home/makarand/formz/palm_insurance/pdfs/51Gum1GlrCrS.pdf',NULL,'2021-03-26 19:56:16',NULL,'2021-03-26 19:56:16'),(172,'P83YHUOpRMaU','GENERATED','/home/makarand/formz/palm_insurance/request-json-strings/P83YHUOpRMaU.json','/home/makarand/formz/palm_insurance/pdfs/P83YHUOpRMaU.pdf',NULL,'2021-03-26 19:59:37',NULL,'2021-03-26 19:59:37'),(173,'mLzhwm0xtaue','GENERATED','/home/makarand/formz/palm_insurance/request-json-strings/mLzhwm0xtaue.json','/home/makarand/formz/palm_insurance/pdfs/mLzhwm0xtaue.pdf',NULL,'2021-03-26 20:02:33',NULL,'2021-03-26 20:02:34'),(174,'Uu3GEx6R1Gld','GENERATED','/home/makarand/formz/palm_insurance/request-json-strings/Uu3GEx6R1Gld.json','/home/makarand/formz/palm_insurance/pdfs/Uu3GEx6R1Gld.pdf',NULL,'2021-03-26 20:04:07',NULL,'2021-03-26 20:04:08'),(175,'sqKb5a5PUAN1','GENERATED','/home/makarand/formz/palm_insurance/request-json-strings/sqKb5a5PUAN1.json','/home/makarand/formz/palm_insurance/pdfs/sqKb5a5PUAN1.pdf',NULL,'2021-03-26 20:08:02',NULL,'2021-03-26 20:08:03'),(176,'gwaV036CcDCW','GENERATED','/home/makarand/formz/palm_insurance/request-json-strings/gwaV036CcDCW.json','/home/makarand/formz/palm_insurance/pdfs/gwaV036CcDCW.pdf',NULL,'2021-03-26 20:09:46',NULL,'2021-03-26 20:09:47'),(177,'0AJW7aX0wyD6','GENERATED','/home/makarand/formz/palm_insurance/request-json-strings/0AJW7aX0wyD6.json','/home/makarand/formz/palm_insurance/pdfs/0AJW7aX0wyD6.pdf',NULL,'2021-03-26 20:15:32',NULL,'2021-03-26 20:15:34'),(178,'3qc9VGRXyWVZ','COMPLETED',NULL,NULL,NULL,'2021-03-26 20:18:24','palm_insur@yopmail.com','2021-03-26 20:19:17'),(179,'7QJMnGzWXOno','COMPLETED',NULL,NULL,NULL,'2021-03-26 20:20:27','palm_insur@yopmail.com','2021-03-26 20:21:18'),(180,'EM0JTdLkXDNd','GENERATED','/home/makarand/formz/palm_insurance/request-json-strings/EM0JTdLkXDNd.json','/home/makarand/formz/palm_insurance/pdfs/EM0JTdLkXDNd.pdf',NULL,'2021-03-26 20:25:25',NULL,'2021-03-26 20:25:25'),(181,'hi2AfozyK1tT','COMPLETED',NULL,NULL,NULL,'2021-03-26 20:26:19','palm_insur@yopmail.com','2021-03-26 20:27:10'),(182,'PQC02wC0G7Si','COMPLETED',NULL,NULL,NULL,'2021-03-26 20:27:45','palm_insur@yopmail.com','2021-03-26 20:28:35'),(183,'6S8jFYbMfQfp','COMPLETED',NULL,NULL,NULL,'2021-03-26 20:33:28','palm_insur@yopmail.com','2021-03-26 20:33:33'),(184,'3leSeWqEvHq2','COMPLETED',NULL,NULL,NULL,'2021-03-26 20:36:54','palm_insur@yopmail.com','2021-03-26 20:37:44'),(185,'ZaP5IPbmpi3X','COMPLETED',NULL,NULL,NULL,'2021-03-26 20:41:08','palm_insur@yopmail.com','2021-03-26 20:41:58'),(186,'5AdhZ8Yl9dZQ','GENERATED','/home/makarand/formz/palm_insurance/request-json-strings/5AdhZ8Yl9dZQ.json','/home/makarand/formz/palm_insurance/pdfs/5AdhZ8Yl9dZQ.pdf',NULL,'2021-03-26 20:42:47',NULL,'2021-03-26 20:42:47'),(187,'BSh6rvuBDzko','COMPLETED',NULL,NULL,NULL,'2021-03-26 20:42:53','palm_insur@yopmail.com','2021-03-26 20:42:58'),(188,'Ef1lRsGyMxGX','COMPLETED',NULL,NULL,NULL,'2021-03-26 20:43:17','palm_insur@yopmail.com','2021-03-26 20:44:07'),(189,'ge3oy70ZqTWf','COMPLETED',NULL,NULL,NULL,'2021-03-26 20:44:47','palm_insur@yopmail.com','2021-03-26 20:45:37'),(190,'3H05UyDMGm0I','GENERATED','/home/makarand/formz/palm_insurance/request-json-strings/3H05UyDMGm0I.json','/home/makarand/formz/palm_insurance/pdfs/3H05UyDMGm0I.pdf',NULL,'2021-03-26 20:45:16',NULL,'2021-03-26 20:45:17'),(191,'M34ThE4APkFR','GENERATED','/home/makarand/formz/palm_insurance/request-json-strings/M34ThE4APkFR.json','/home/makarand/formz/palm_insurance/pdfs/M34ThE4APkFR.pdf',NULL,'2021-03-26 20:46:37',NULL,'2021-03-26 20:46:38'),(192,'KntyHfnd16XY','COMPLETED',NULL,NULL,NULL,'2021-03-26 20:49:38','palm_insur@yopmail.com','2021-03-26 20:49:43'),(193,'RuZlYazVyyXd','COMPLETED',NULL,NULL,NULL,'2021-03-26 20:51:06','palm_insur@yopmail.com','2021-03-26 20:51:11'),(194,'Dn6Qj5CVEVxH','COMPLETED',NULL,NULL,NULL,'2021-03-26 20:54:45','palm_insur@yopmail.com','2021-03-26 20:54:50'),(195,'4PdduQZ3UGMd','COMPLETED',NULL,NULL,NULL,'2021-03-26 20:56:55','palm_insur@yopmail.com','2021-03-26 20:57:00'),(196,'hhppLsPtTSc1','COMPLETED',NULL,NULL,NULL,'2021-03-26 20:58:07','palm_insur@yopmail.com','2021-03-26 20:58:13'),(197,'iCp8FuV1X5yr','COMPLETED',NULL,NULL,NULL,'2021-03-26 20:59:46','palm_insur@yopmail.com','2021-03-26 20:59:52'),(198,'TDWL4tC4lP0r','COMPLETED',NULL,NULL,NULL,'2021-03-26 21:01:09','palm_insur@yopmail.com','2021-03-26 21:01:14'),(199,'Ax4kULFeaXCQ','COMPLETED',NULL,NULL,NULL,'2021-03-26 21:05:46','palm_insur@yopmail.com','2021-03-26 21:05:51'),(200,'ifY4P80r266F','COMPLETED',NULL,NULL,NULL,'2021-03-26 21:06:08','palm_insur@yopmail.com','2021-03-26 21:06:13'),(201,'jhhuAbUrbyrr','COMPLETED',NULL,NULL,NULL,'2021-03-26 21:06:27','palm_insur@yopmail.com','2021-03-26 21:06:32'),(202,'jrAjWOiD75X3','COMPLETED',NULL,NULL,NULL,'2021-03-26 21:08:49','palm_insur@yopmail.com','2021-03-26 21:08:54'),(203,'y0jDFEiZrQd1','COMPLETED',NULL,NULL,NULL,'2021-03-26 21:09:45','palm_insur@yopmail.com','2021-03-26 21:11:02'),(204,'bQbQsWqsvewr','COMPLETED',NULL,NULL,NULL,'2021-03-26 21:11:51','palm_insur@yopmail.com','2021-03-26 21:11:58'),(205,'hWMZdTC1NL2V','COMPLETED',NULL,NULL,NULL,'2021-03-26 21:12:17','palm_insur@yopmail.com','2021-03-26 21:12:23'),(206,'p8EragDMQkuZ','COMPLETED',NULL,NULL,NULL,'2021-03-26 21:13:32','palm_insur@yopmail.com','2021-03-26 21:13:38'),(207,'xYYwHkjm8KKT','COMPLETED',NULL,NULL,NULL,'2021-03-26 21:14:09','palm_insur@yopmail.com','2021-03-26 21:14:16'),(208,'qWQSZnZtGxvd','COMPLETED',NULL,NULL,NULL,'2021-03-26 21:14:31','palm_insur@yopmail.com','2021-03-26 21:14:37'),(209,'mnUYcV6N2amF','COMPLETED',NULL,NULL,NULL,'2021-03-26 21:14:44','palm_insur@yopmail.com','2021-03-26 21:14:50'),(210,'VgcpHBVN0IGE','COMPLETED',NULL,NULL,NULL,'2021-03-26 21:15:01','palm_insur@yopmail.com','2021-03-26 21:15:07'),(211,'2KuUukHm2P7H','COMPLETED',NULL,NULL,NULL,'2021-03-26 21:15:14','palm_insur@yopmail.com','2021-03-26 21:15:20'),(212,'fSIvMLGGMnWX','COMPLETED',NULL,NULL,NULL,'2021-03-26 21:15:28','palm_insur@yopmail.com','2021-03-26 21:15:34'),(213,'4RET6fQ9mSkY','COMPLETED',NULL,NULL,NULL,'2021-03-26 21:15:47','palm_insur@yopmail.com','2021-03-26 21:15:53'),(214,'anjE9TBkPwSK','COMPLETED',NULL,NULL,NULL,'2021-03-26 21:16:57','palm_insur@yopmail.com','2021-03-26 21:17:03'),(215,'d4ycKmx80b01','COMPLETED',NULL,NULL,NULL,'2021-03-26 21:21:11','palm_insur@yopmail.com','2021-03-26 21:21:17'),(216,'aggWOkvyRE7j','COMPLETED',NULL,NULL,NULL,'2021-03-26 21:24:02','palm_insur@yopmail.com','2021-03-26 21:24:08'),(217,'iw1s2IFlHZg6','COMPLETED',NULL,NULL,NULL,'2021-03-26 21:25:46','palm_insur@yopmail.com','2021-03-26 21:25:52'),(218,'Y9pzAzbX3RlB','COMPLETED',NULL,NULL,NULL,'2021-03-26 21:26:48','palm_insur@yopmail.com','2021-03-26 21:26:54'),(219,'n60NhSyJ9nPU','COMPLETED',NULL,NULL,NULL,'2021-03-26 21:27:11','palm_insur@yopmail.com','2021-03-26 21:27:17'),(220,'JmQXQYiZ6pnn','COMPLETED',NULL,NULL,NULL,'2021-03-26 21:27:29','palm_insur@yopmail.com','2021-03-26 21:27:35'),(221,'j1uEnnfXPfEp','COMPLETED',NULL,NULL,NULL,'2021-03-26 21:27:40','palm_insur@yopmail.com','2021-03-26 21:27:47'),(222,'Ar6yYq6o3spE','COMPLETED',NULL,NULL,NULL,'2021-03-26 21:27:53','palm_insur@yopmail.com','2021-03-26 21:27:59'),(223,'SQUoZmlxXHdr','COMPLETED',NULL,NULL,NULL,'2021-03-26 21:28:49','palm_insur@yopmail.com','2021-03-26 21:28:55'),(224,'MuZ5H4NwV1RR','COMPLETED',NULL,NULL,NULL,'2021-03-26 21:29:07','palm_insur@yopmail.com','2021-03-26 21:29:13'),(225,'zKr65LNvbsoo','COMPLETED',NULL,NULL,NULL,'2021-03-26 21:29:25','palm_insur@yopmail.com','2021-03-26 21:29:31'),(226,'It3jyakn2tOn','COMPLETED',NULL,NULL,NULL,'2021-03-26 21:29:41','palm_insur@yopmail.com','2021-03-26 21:29:47'),(227,'cYZKqsCyxIGW','COMPLETED',NULL,NULL,NULL,'2021-03-26 21:29:54','palm_insur@yopmail.com','2021-03-26 21:30:00'),(228,'TN4D6SBY2IPM','COMPLETED',NULL,NULL,NULL,'2021-03-26 21:30:07','palm_insur@yopmail.com','2021-03-26 21:30:13'),(229,'tojNimzYb8cz','COMPLETED',NULL,NULL,NULL,'2021-03-26 21:30:28','palm_insur@yopmail.com','2021-03-26 21:30:34'),(230,'byV6f2Sm9v5X','COMPLETED',NULL,NULL,NULL,'2021-03-26 21:30:42','palm_insur@yopmail.com','2021-03-26 21:30:48'),(231,'hSrkomvI3Clu','COMPLETED',NULL,NULL,NULL,'2021-03-26 21:31:00','palm_insur@yopmail.com','2021-03-26 21:31:06'),(232,'aQigkqM7V7wo','COMPLETED',NULL,NULL,NULL,'2021-03-26 21:33:34','palm_insur@yopmail.com','2021-03-26 21:33:40'),(233,'dObeI5ntdFho','COMPLETED',NULL,NULL,NULL,'2021-03-26 21:34:21','palm_insur@yopmail.com','2021-03-26 21:34:27'),(234,'UEaK8fliVEWi','COMPLETED',NULL,NULL,NULL,'2021-03-26 21:34:45','palm_insur@yopmail.com','2021-03-26 21:34:51'),(235,'Kt7dzWlC6uXQ','COMPLETED',NULL,NULL,NULL,'2021-03-26 21:35:24','palm_insur@yopmail.com','2021-03-26 21:35:30'),(236,'c6j8dy14XJkO','COMPLETED',NULL,NULL,NULL,'2021-03-26 21:37:24','palm_insur@yopmail.com','2021-03-26 21:37:30'),(237,'0sd162BY63cn','FAILED','/home/makarand/formz/palm_insurance/request-json-strings/0sd162BY63cn.json','Form [invalid] not found: [Request Id: ]',NULL,'2021-03-26 21:38:14',NULL,'2021-03-26 21:38:14'),(238,'56jb5bSycngj','FAILED','/home/makarand/formz/palm_insurance/request-json-strings/56jb5bSycngj.json','Form [invalid] not found: [Request Id: ]',NULL,'2021-03-26 21:40:26',NULL,'2021-03-26 21:40:26'),(239,'un2FvsBXMIcD','FAILED','/home/makarand/formz/palm_insurance/request-json-strings/un2FvsBXMIcD.json','Form [invalid] not found: [Request Id: ]',NULL,'2021-03-26 21:41:21',NULL,'2021-03-26 21:41:21'),(240,'jDEz2o8R5lC9','FAILED','/home/makarand/formz/palm_insurance/request-json-strings/jDEz2o8R5lC9.json','Form [invalid] not found: [Request Id: ]',NULL,'2021-03-26 21:43:11',NULL,'2021-03-26 21:43:11'),(241,'7DqoHy7F6fPs','FAILED','/home/makarand/formz/palm_insurance/request-json-strings/7DqoHy7F6fPs.json','Form [invalid] not found: [Request Id: ]',NULL,'2021-03-26 21:45:46',NULL,'2021-03-26 21:45:46');
/*!40000 ALTER TABLE `request_history` ENABLE KEYS */;
UNLOCK TABLES;

--
-- Table structure for table `role`
--

DROP TABLE IF EXISTS `role`;
/*!40101 SET @saved_cs_client     = @@character_set_client */;
/*!40101 SET character_set_client = utf8 */;
CREATE TABLE `role` (
  `id` bigint(20) NOT NULL AUTO_INCREMENT,
  `role` varchar(45) NOT NULL,
  `created_at` datetime DEFAULT CURRENT_TIMESTAMP,
  `updated_at` datetime DEFAULT CURRENT_TIMESTAMP ON UPDATE CURRENT_TIMESTAMP,
  `created_by` varchar(45) DEFAULT NULL,
  `updated_by` varchar(45) DEFAULT NULL,
  PRIMARY KEY (`id`)
) ENGINE=InnoDB AUTO_INCREMENT=2 DEFAULT CHARSET=latin1;
/*!40101 SET character_set_client = @saved_cs_client */;

--
-- Dumping data for table `role`
--

LOCK TABLES `role` WRITE;
/*!40000 ALTER TABLE `role` DISABLE KEYS */;
INSERT INTO `role` VALUES (1,'ADMIN','2021-03-25 14:22:49','2021-03-25 14:22:49',NULL,NULL);
/*!40000 ALTER TABLE `role` ENABLE KEYS */;
UNLOCK TABLES;

--
-- Table structure for table `token`
--

DROP TABLE IF EXISTS `token`;
/*!40101 SET @saved_cs_client     = @@character_set_client */;
/*!40101 SET character_set_client = utf8 */;
CREATE TABLE `token` (
  `id` bigint(20) NOT NULL AUTO_INCREMENT,
  `token` varchar(255) DEFAULT NULL,
  `token_type` varchar(20) DEFAULT NULL,
  `expiry_date` datetime DEFAULT NULL,
  `is_expired` tinyint(4) DEFAULT NULL,
  `user_id` bigint(20) DEFAULT NULL,
  `created_at` datetime DEFAULT CURRENT_TIMESTAMP,
  `created_by` varchar(45) DEFAULT NULL,
  `updated_at` datetime DEFAULT CURRENT_TIMESTAMP ON UPDATE CURRENT_TIMESTAMP,
  `updated_by` varchar(45) DEFAULT NULL,
  PRIMARY KEY (`id`),
  KEY `user_id` (`user_id`),
  CONSTRAINT `token_ibfk_1` FOREIGN KEY (`user_id`) REFERENCES `user` (`id`) ON DELETE CASCADE ON UPDATE CASCADE
) ENGINE=InnoDB AUTO_INCREMENT=5 DEFAULT CHARSET=latin1;
/*!40101 SET character_set_client = @saved_cs_client */;

--
-- Dumping data for table `token`
--

LOCK TABLES `token` WRITE;
/*!40000 ALTER TABLE `token` DISABLE KEYS */;
INSERT INTO `token` VALUES (3,'eyJhbGciOiJIUzI1NiJ9.eyJyb2xlcyI6W3sicm9sZUlkIjoxLCJyb2xlIjoiQURNSU4ifV0sIm5hbWUiOiJwYWxtX2luc3VyYW5jZSIsInVzZXJOYW1lIjoicGFsbV9pbnN1ckB5b3BtYWlsLmNvbSIsImV4cCI6MTY0ODE5ODk0MiwiaWF0IjoxNjE2NjYyOTQyfQ.zRm7qV7OxyS8eR0s15gG6oAmOYEAofOZ77r5bAfvB4k','LOGIN_TOKEN','2022-03-25 14:32:23',0,1,'2021-03-25 14:32:23','palm_insurance','2021-03-25 14:32:23',NULL),(4,'eyJhbGciOiJIUzI1NiJ9.eyJyb2xlcyI6W3sicm9sZUlkIjoxLCJyb2xlIjoiQURNSU4ifV0sIm5hbWUiOiJwYWxtX2luc3VyYW5jZSIsInVzZXJOYW1lIjoicGFsbV9pbnN1ckB5b3BtYWlsLmNvbSIsImV4cCI6MTYyNjczNTUzMSwiaWF0IjoxNjE2NzM1NTMxfQ.0E3-6K5_2beaqF8hYoGbY8lWbwdnexZc-NI1HaNjGuE','LOGIN_TOKEN','2021-07-20 04:28:52',0,1,'2021-03-26 10:42:12','palm_insurance','2021-03-26 10:42:12',NULL);
/*!40000 ALTER TABLE `token` ENABLE KEYS */;
UNLOCK TABLES;

--
-- Table structure for table `user`
--

DROP TABLE IF EXISTS `user`;
/*!40101 SET @saved_cs_client     = @@character_set_client */;
/*!40101 SET character_set_client = utf8 */;
CREATE TABLE `user` (
  `id` bigint(20) NOT NULL AUTO_INCREMENT,
  `name` varchar(45) DEFAULT NULL,
  `email` varchar(45) DEFAULT NULL,
  `gender` varchar(45) DEFAULT NULL,
  `mobile` int(11) DEFAULT NULL,
  `created_at` datetime DEFAULT CURRENT_TIMESTAMP,
  `updated_at` datetime DEFAULT CURRENT_TIMESTAMP ON UPDATE CURRENT_TIMESTAMP,
  `created_by` varchar(45) DEFAULT NULL,
  `updated_by` varchar(45) DEFAULT NULL,
  `is_active` tinyint(4) DEFAULT '0',
  `password` varchar(255) DEFAULT NULL,
  `is_delete` tinyint(4) DEFAULT '0',
  PRIMARY KEY (`id`)
) ENGINE=InnoDB AUTO_INCREMENT=2 DEFAULT CHARSET=latin1;
/*!40101 SET character_set_client = @saved_cs_client */;

--
-- Dumping data for table `user`
--

LOCK TABLES `user` WRITE;
/*!40000 ALTER TABLE `user` DISABLE KEYS */;
INSERT INTO `user` VALUES (1,'palm_insurance','palm_insur@yopmail.com',NULL,NULL,'2021-03-25 14:22:50','2021-03-25 14:25:55',NULL,NULL,1,'$2a$10$SFORYBcHeuAK7SWCxT2YDOLo5fAB.9nTdOEoEnqKD88NBab2ufuj6',0);
/*!40000 ALTER TABLE `user` ENABLE KEYS */;
UNLOCK TABLES;

--
-- Table structure for table `user_role`
--

DROP TABLE IF EXISTS `user_role`;
/*!40101 SET @saved_cs_client     = @@character_set_client */;
/*!40101 SET character_set_client = utf8 */;
CREATE TABLE `user_role` (
  `user_id` bigint(20) NOT NULL,
  `role_id` bigint(20) NOT NULL,
  KEY `user_id_idx` (`user_id`),
  KEY `role_id_idx` (`role_id`),
  CONSTRAINT `role_id` FOREIGN KEY (`role_id`) REFERENCES `role` (`id`) ON DELETE NO ACTION ON UPDATE NO ACTION,
  CONSTRAINT `user_id` FOREIGN KEY (`user_id`) REFERENCES `user` (`id`) ON DELETE NO ACTION ON UPDATE NO ACTION
) ENGINE=InnoDB DEFAULT CHARSET=latin1;
/*!40101 SET character_set_client = @saved_cs_client */;

--
-- Dumping data for table `user_role`
--

LOCK TABLES `user_role` WRITE;
/*!40000 ALTER TABLE `user_role` DISABLE KEYS */;
INSERT INTO `user_role` VALUES (1,1);
/*!40000 ALTER TABLE `user_role` ENABLE KEYS */;
UNLOCK TABLES;
/*!40103 SET TIME_ZONE=@OLD_TIME_ZONE */;

/*!40101 SET SQL_MODE=@OLD_SQL_MODE */;
/*!40014 SET FOREIGN_KEY_CHECKS=@OLD_FOREIGN_KEY_CHECKS */;
/*!40014 SET UNIQUE_CHECKS=@OLD_UNIQUE_CHECKS */;
/*!40101 SET CHARACTER_SET_CLIENT=@OLD_CHARACTER_SET_CLIENT */;
/*!40101 SET CHARACTER_SET_RESULTS=@OLD_CHARACTER_SET_RESULTS */;
/*!40101 SET COLLATION_CONNECTION=@OLD_COLLATION_CONNECTION */;
/*!40111 SET SQL_NOTES=@OLD_SQL_NOTES */;

-- Dump completed on 2021-03-30  9:39:12
